label_name,x1,y1,x2,y2,image_name,width,height
green-token,670,331,718,371,img/frame_455_jpg.rf.3bcefe007ed1b90a2bc63088f31caf36.jpg,1920,1080
green-token,681,376,729,417,img/frame_455_jpg.rf.3bcefe007ed1b90a2bc63088f31caf36.jpg,1920,1080
green-token,990,323,1040,364,img/frame_455_jpg.rf.3bcefe007ed1b90a2bc63088f31caf36.jpg,1920,1080
green-token,1130,307,1176,348,img/frame_455_jpg.rf.3bcefe007ed1b90a2bc63088f31caf36.jpg,1920,1080
green-token,1180,305,1219,350,img/frame_455_jpg.rf.3bcefe007ed1b90a2bc63088f31caf36.jpg,1920,1080
green-token,1293,287,1342,327,img/frame_455_jpg.rf.3bcefe007ed1b90a2bc63088f31caf36.jpg,1920,1080
green-token,1306,435,1357,471,img/frame_455_jpg.rf.3bcefe007ed1b90a2bc63088f31caf36.jpg,1920,1080
green-token,1307,481,1361,523,img/frame_455_jpg.rf.3bcefe007ed1b90a2bc63088f31caf36.jpg,1920,1080
green-token,1156,436,1210,479,img/frame_455_jpg.rf.3bcefe007ed1b90a2bc63088f31caf36.jpg,1920,1080
green-token,1029,491,1070,530,img/frame_455_jpg.rf.3bcefe007ed1b90a2bc63088f31caf36.jpg,1920,1080
green-token,956,452,1007,494,img/frame_455_jpg.rf.3bcefe007ed1b90a2bc63088f31caf36.jpg,1920,1080
green-token,997,527,1039,564,img/frame_455_jpg.rf.3bcefe007ed1b90a2bc63088f31caf36.jpg,1920,1080
green-token,850,537,895,579,img/frame_455_jpg.rf.3bcefe007ed1b90a2bc63088f31caf36.jpg,1920,1080
green-token,795,540,846,583,img/frame_455_jpg.rf.3bcefe007ed1b90a2bc63088f31caf36.jpg,1920,1080
green-token,679,534,723,576,img/frame_455_jpg.rf.3bcefe007ed1b90a2bc63088f31caf36.jpg,1920,1080
green-token,646,682,695,726,img/frame_455_jpg.rf.3bcefe007ed1b90a2bc63088f31caf36.jpg,1920,1080
green-token,978,635,1022,671,img/frame_455_jpg.rf.3bcefe007ed1b90a2bc63088f31caf36.jpg,1920,1080
green-token,1012,672,1058,716,img/frame_455_jpg.rf.3bcefe007ed1b90a2bc63088f31caf36.jpg,1920,1080
green-token,1158,616,1203,660,img/frame_455_jpg.rf.3bcefe007ed1b90a2bc63088f31caf36.jpg,1920,1080
green-token,1311,627,1354,669,img/frame_455_jpg.rf.3bcefe007ed1b90a2bc63088f31caf36.jpg,1920,1080
green-token,1361,657,1403,701,img/frame_455_jpg.rf.3bcefe007ed1b90a2bc63088f31caf36.jpg,1920,1080
green-token,1290,776,1333,822,img/frame_455_jpg.rf.3bcefe007ed1b90a2bc63088f31caf36.jpg,1920,1080
green-token,1193,812,1235,857,img/frame_455_jpg.rf.3bcefe007ed1b90a2bc63088f31caf36.jpg,1920,1080
green-token,1037,833,1081,874,img/frame_455_jpg.rf.3bcefe007ed1b90a2bc63088f31caf36.jpg,1920,1080
green-token,997,764,1041,810,img/frame_455_jpg.rf.3bcefe007ed1b90a2bc63088f31caf36.jpg,1920,1080
green-token,995,832,1038,871,img/frame_455_jpg.rf.3bcefe007ed1b90a2bc63088f31caf36.jpg,1920,1080
green-token,823,843,871,889,img/frame_455_jpg.rf.3bcefe007ed1b90a2bc63088f31caf36.jpg,1920,1080
green-token,674,803,720,844,img/frame_455_jpg.rf.3bcefe007ed1b90a2bc63088f31caf36.jpg,1920,1080
green-token,685,859,731,903,img/frame_455_jpg.rf.3bcefe007ed1b90a2bc63088f31caf36.jpg,1920,1080
green-token,1121,350,1164,391,img/frame_455_jpg.rf.3bcefe007ed1b90a2bc63088f31caf36.jpg,1920,1080
board,530,54,1523,1056,img/frame_455_jpg.rf.3bcefe007ed1b90a2bc63088f31caf36.jpg,1920,1080
inner-board,582,247,1450,951,img/frame_455_jpg.rf.3bcefe007ed1b90a2bc63088f31caf36.jpg,1920,1080
green-token,584,306,625,339,img/frame_11772_jpg.rf.d0452a89ec1c5be9a5801457e9286435.jpg,1920,1080
green-token,623,316,663,355,img/frame_11772_jpg.rf.d0452a89ec1c5be9a5801457e9286435.jpg,1920,1080
green-token,603,361,643,401,img/frame_11772_jpg.rf.d0452a89ec1c5be9a5801457e9286435.jpg,1920,1080
green-token,772,327,812,370,img/frame_11772_jpg.rf.d0452a89ec1c5be9a5801457e9286435.jpg,1920,1080
green-token,928,316,971,354,img/frame_11772_jpg.rf.d0452a89ec1c5be9a5801457e9286435.jpg,1920,1080
green-token,965,330,1009,371,img/frame_11772_jpg.rf.d0452a89ec1c5be9a5801457e9286435.jpg,1920,1080
green-token,1099,313,1145,354,img/frame_11772_jpg.rf.d0452a89ec1c5be9a5801457e9286435.jpg,1920,1080
green-token,1248,275,1293,317,img/frame_11772_jpg.rf.d0452a89ec1c5be9a5801457e9286435.jpg,1920,1080
green-token,1315,318,1356,358,img/frame_11772_jpg.rf.d0452a89ec1c5be9a5801457e9286435.jpg,1920,1080
green-token,1089,434,1131,476,img/frame_11772_jpg.rf.d0452a89ec1c5be9a5801457e9286435.jpg,1920,1080
green-token,1080,482,1122,521,img/frame_11772_jpg.rf.d0452a89ec1c5be9a5801457e9286435.jpg,1920,1080
green-token,1115,531,1156,569,img/frame_11772_jpg.rf.d0452a89ec1c5be9a5801457e9286435.jpg,1920,1080
green-token,953,523,993,562,img/frame_11772_jpg.rf.d0452a89ec1c5be9a5801457e9286435.jpg,1920,1080
green-token,915,482,956,523,img/frame_11772_jpg.rf.d0452a89ec1c5be9a5801457e9286435.jpg,1920,1080
green-token,797,646,836,684,img/frame_11772_jpg.rf.d0452a89ec1c5be9a5801457e9286435.jpg,1920,1080
green-token,811,689,850,727,img/frame_11772_jpg.rf.d0452a89ec1c5be9a5801457e9286435.jpg,1920,1080
green-token,754,665,795,703,img/frame_11772_jpg.rf.d0452a89ec1c5be9a5801457e9286435.jpg,1920,1080
green-token,914,677,954,716,img/frame_11772_jpg.rf.d0452a89ec1c5be9a5801457e9286435.jpg,1920,1080
green-token,970,637,1012,679,img/frame_11772_jpg.rf.d0452a89ec1c5be9a5801457e9286435.jpg,1920,1080
green-token,1113,641,1161,679,img/frame_11772_jpg.rf.d0452a89ec1c5be9a5801457e9286435.jpg,1920,1080
orange-token,761,715,802,755,img/frame_11772_jpg.rf.d0452a89ec1c5be9a5801457e9286435.jpg,1920,1080
orange-token,637,700,679,742,img/frame_11772_jpg.rf.d0452a89ec1c5be9a5801457e9286435.jpg,1920,1080
green-token,1129,812,1170,853,img/frame_11772_jpg.rf.d0452a89ec1c5be9a5801457e9286435.jpg,1920,1080
green-token,1264,629,1305,668,img/frame_11772_jpg.rf.d0452a89ec1c5be9a5801457e9286435.jpg,1920,1080
green-token,1255,675,1299,715,img/frame_11772_jpg.rf.d0452a89ec1c5be9a5801457e9286435.jpg,1920,1080
green-token,1308,663,1349,701,img/frame_11772_jpg.rf.d0452a89ec1c5be9a5801457e9286435.jpg,1920,1080
green-token,1273,804,1317,845,img/frame_11772_jpg.rf.d0452a89ec1c5be9a5801457e9286435.jpg,1920,1080
green-token,1313,836,1355,877,img/frame_11772_jpg.rf.d0452a89ec1c5be9a5801457e9286435.jpg,1920,1080
orange-token,1305,598,1350,641,img/frame_11772_jpg.rf.d0452a89ec1c5be9a5801457e9286435.jpg,1920,1080
orange-token,1140,606,1183,647,img/frame_11772_jpg.rf.d0452a89ec1c5be9a5801457e9286435.jpg,1920,1080
orange-token,1322,770,1368,811,img/frame_11772_jpg.rf.d0452a89ec1c5be9a5801457e9286435.jpg,1920,1080
orange-token,961,464,1003,504,img/frame_11772_jpg.rf.d0452a89ec1c5be9a5801457e9286435.jpg,1920,1080
orange-token,1265,324,1313,365,img/frame_11772_jpg.rf.d0452a89ec1c5be9a5801457e9286435.jpg,1920,1080
orange-token,904,362,947,401,img/frame_11772_jpg.rf.d0452a89ec1c5be9a5801457e9286435.jpg,1920,1080
orange-token,740,353,782,397,img/frame_11772_jpg.rf.d0452a89ec1c5be9a5801457e9286435.jpg,1920,1080
white-pawn,800,830,843,869,img/frame_11772_jpg.rf.d0452a89ec1c5be9a5801457e9286435.jpg,1920,1080
red-pawn,623,836,664,875,img/frame_11772_jpg.rf.d0452a89ec1c5be9a5801457e9286435.jpg,1920,1080
red-pawn,577,701,616,738,img/frame_11772_jpg.rf.d0452a89ec1c5be9a5801457e9286435.jpg,1920,1080
red-pawn,656,384,694,418,img/frame_11772_jpg.rf.d0452a89ec1c5be9a5801457e9286435.jpg,1920,1080
red-pawn,723,289,766,326,img/frame_11772_jpg.rf.d0452a89ec1c5be9a5801457e9286435.jpg,1920,1080
yellow-pawn,1070,647,1111,684,img/frame_11772_jpg.rf.d0452a89ec1c5be9a5801457e9286435.jpg,1920,1080
yellow-pawn,1265,852,1307,897,img/frame_11772_jpg.rf.d0452a89ec1c5be9a5801457e9286435.jpg,1920,1080
yellow-pawn,796,372,838,409,img/frame_11772_jpg.rf.d0452a89ec1c5be9a5801457e9286435.jpg,1920,1080
board,477,30,1467,1030,img/frame_11772_jpg.rf.d0452a89ec1c5be9a5801457e9286435.jpg,1920,1080
inner-board,527,234,1395,930,img/frame_11772_jpg.rf.d0452a89ec1c5be9a5801457e9286435.jpg,1920,1080
orange-token,769,614,809,659,img/frame_18236_jpg.rf.bb65d4618bf8bee097006c8f88ec18d2.jpg,1920,1080
green-token,1084,473,1134,518,img/frame_18236_jpg.rf.bb65d4618bf8bee097006c8f88ec18d2.jpg,1920,1080
blue-pawn,840,286,890,326,img/frame_18236_jpg.rf.bb65d4618bf8bee097006c8f88ec18d2.jpg,1920,1080
red-pawn,548,307,600,352,img/frame_18236_jpg.rf.bb65d4618bf8bee097006c8f88ec18d2.jpg,1920,1080
yellow-pawn,550,385,603,426,img/frame_18236_jpg.rf.bb65d4618bf8bee097006c8f88ec18d2.jpg,1920,1080
red-pawn,860,880,911,927,img/frame_18236_jpg.rf.bb65d4618bf8bee097006c8f88ec18d2.jpg,1920,1080
green-token,1063,829,1101,869,img/frame_18236_jpg.rf.bb65d4618bf8bee097006c8f88ec18d2.jpg,1920,1080
green-token,1253,496,1302,542,img/frame_18236_jpg.rf.bb65d4618bf8bee097006c8f88ec18d2.jpg,1920,1080
green-token,1264,340,1309,380,img/frame_18236_jpg.rf.bb65d4618bf8bee097006c8f88ec18d2.jpg,1920,1080
green-token,1210,288,1250,328,img/frame_18236_jpg.rf.bb65d4618bf8bee097006c8f88ec18d2.jpg,1920,1080
green-token,1099,370,1136,401,img/frame_18236_jpg.rf.bb65d4618bf8bee097006c8f88ec18d2.jpg,1920,1080
green-token,1055,334,1098,369,img/frame_18236_jpg.rf.bb65d4618bf8bee097006c8f88ec18d2.jpg,1920,1080
green-token,906,542,945,572,img/frame_18236_jpg.rf.bb65d4618bf8bee097006c8f88ec18d2.jpg,1920,1080
green-token,921,646,964,691,img/frame_18236_jpg.rf.bb65d4618bf8bee097006c8f88ec18d2.jpg,1920,1080
green-token,1073,655,1120,699,img/frame_18236_jpg.rf.bb65d4618bf8bee097006c8f88ec18d2.jpg,1920,1080
green-token,1206,640,1244,683,img/frame_18236_jpg.rf.bb65d4618bf8bee097006c8f88ec18d2.jpg,1920,1080
green-token,1201,694,1241,731,img/frame_18236_jpg.rf.bb65d4618bf8bee097006c8f88ec18d2.jpg,1920,1080
green-token,1251,676,1295,719,img/frame_18236_jpg.rf.bb65d4618bf8bee097006c8f88ec18d2.jpg,1920,1080
green-token,754,660,790,697,img/frame_18236_jpg.rf.bb65d4618bf8bee097006c8f88ec18d2.jpg,1920,1080
green-token,754,703,802,743,img/frame_18236_jpg.rf.bb65d4618bf8bee097006c8f88ec18d2.jpg,1920,1080
green-token,704,673,751,718,img/frame_18236_jpg.rf.bb65d4618bf8bee097006c8f88ec18d2.jpg,1920,1080
green-token,899,848,945,890,img/frame_18236_jpg.rf.bb65d4618bf8bee097006c8f88ec18d2.jpg,1920,1080
green-token,1034,470,1077,513,img/frame_18236_jpg.rf.bb65d4618bf8bee097006c8f88ec18d2.jpg,1920,1080
green-token,1064,545,1108,587,img/frame_18236_jpg.rf.bb65d4618bf8bee097006c8f88ec18d2.jpg,1920,1080
green-token,708,500,756,547,img/frame_18236_jpg.rf.bb65d4618bf8bee097006c8f88ec18d2.jpg,1920,1080
green-token,560,686,603,728,img/frame_18236_jpg.rf.bb65d4618bf8bee097006c8f88ec18d2.jpg,1920,1080
orange-token,916,286,967,329,img/frame_18236_jpg.rf.bb65d4618bf8bee097006c8f88ec18d2.jpg,1920,1080
orange-token,1104,289,1151,332,img/frame_18236_jpg.rf.bb65d4618bf8bee097006c8f88ec18d2.jpg,1920,1080
orange-token,1266,278,1314,319,img/frame_18236_jpg.rf.bb65d4618bf8bee097006c8f88ec18d2.jpg,1920,1080
orange-token,1220,346,1264,384,img/frame_18236_jpg.rf.bb65d4618bf8bee097006c8f88ec18d2.jpg,1920,1080
orange-token,1184,483,1239,532,img/frame_18236_jpg.rf.bb65d4618bf8bee097006c8f88ec18d2.jpg,1920,1080
orange-token,1254,617,1299,660,img/frame_18236_jpg.rf.bb65d4618bf8bee097006c8f88ec18d2.jpg,1920,1080
orange-token,1291,650,1332,686,img/frame_18236_jpg.rf.bb65d4618bf8bee097006c8f88ec18d2.jpg,1920,1080
orange-token,879,624,921,667,img/frame_18236_jpg.rf.bb65d4618bf8bee097006c8f88ec18d2.jpg,1920,1080
orange-token,900,475,948,510,img/frame_18236_jpg.rf.bb65d4618bf8bee097006c8f88ec18d2.jpg,1920,1080
orange-token,937,511,980,552,img/frame_18236_jpg.rf.bb65d4618bf8bee097006c8f88ec18d2.jpg,1920,1080
orange-token,745,533,792,577,img/frame_18236_jpg.rf.bb65d4618bf8bee097006c8f88ec18d2.jpg,1920,1080
orange-token,916,796,965,836,img/frame_18236_jpg.rf.bb65d4618bf8bee097006c8f88ec18d2.jpg,1920,1080
orange-token,705,728,753,767,img/frame_18236_jpg.rf.bb65d4618bf8bee097006c8f88ec18d2.jpg,1920,1080
red-pawn,589,625,637,667,img/frame_18236_jpg.rf.bb65d4618bf8bee097006c8f88ec18d2.jpg,1920,1080
red-pawn,722,842,773,891,img/frame_18236_jpg.rf.bb65d4618bf8bee097006c8f88ec18d2.jpg,1920,1080
blue-pawn,673,299,713,339,img/frame_18236_jpg.rf.bb65d4618bf8bee097006c8f88ec18d2.jpg,1920,1080
yellow-pawn,559,839,602,882,img/frame_18236_jpg.rf.bb65d4618bf8bee097006c8f88ec18d2.jpg,1920,1080
yellow-pawn,605,871,647,920,img/frame_18236_jpg.rf.bb65d4618bf8bee097006c8f88ec18d2.jpg,1920,1080
green-token,863,688,903,728,img/frame_18236_jpg.rf.bb65d4618bf8bee097006c8f88ec18d2.jpg,1920,1080
green-token,928,695,968,728,img/frame_18236_jpg.rf.bb65d4618bf8bee097006c8f88ec18d2.jpg,1920,1080
red-pawn,835,720,883,761,img/frame_18236_jpg.rf.bb65d4618bf8bee097006c8f88ec18d2.jpg,1920,1080
red-pawn,921,342,965,386,img/frame_18236_jpg.rf.bb65d4618bf8bee097006c8f88ec18d2.jpg,1920,1080
green-token,882,328,924,367,img/frame_18236_jpg.rf.bb65d4618bf8bee097006c8f88ec18d2.jpg,1920,1080
orange-token,854,374,903,415,img/frame_18236_jpg.rf.bb65d4618bf8bee097006c8f88ec18d2.jpg,1920,1080
board,432,53,1411,1043,img/frame_18236_jpg.rf.bb65d4618bf8bee097006c8f88ec18d2.jpg,1920,1080
inner-board,482,256,1335,943,img/frame_18236_jpg.rf.bb65d4618bf8bee097006c8f88ec18d2.jpg,1920,1080
orange-token,921,294,961,328,img/frame_18340_jpg.rf.be853ed63082bff11ad5d167f6fb6a8b.jpg,1920,1080
orange-token,1103,293,1147,333,img/frame_18340_jpg.rf.be853ed63082bff11ad5d167f6fb6a8b.jpg,1920,1080
orange-token,1265,281,1309,319,img/frame_18340_jpg.rf.be853ed63082bff11ad5d167f6fb6a8b.jpg,1920,1080
orange-token,1221,345,1264,382,img/frame_18340_jpg.rf.be853ed63082bff11ad5d167f6fb6a8b.jpg,1920,1080
orange-token,1189,493,1233,531,img/frame_18340_jpg.rf.be853ed63082bff11ad5d167f6fb6a8b.jpg,1920,1080
orange-token,854,373,898,412,img/frame_18340_jpg.rf.be853ed63082bff11ad5d167f6fb6a8b.jpg,1920,1080
orange-token,902,474,946,513,img/frame_18340_jpg.rf.be853ed63082bff11ad5d167f6fb6a8b.jpg,1920,1080
orange-token,937,515,981,551,img/frame_18340_jpg.rf.be853ed63082bff11ad5d167f6fb6a8b.jpg,1920,1080
orange-token,744,533,787,573,img/frame_18340_jpg.rf.be853ed63082bff11ad5d167f6fb6a8b.jpg,1920,1080
orange-token,765,618,808,655,img/frame_18340_jpg.rf.be853ed63082bff11ad5d167f6fb6a8b.jpg,1920,1080
orange-token,870,625,917,668,img/frame_18340_jpg.rf.be853ed63082bff11ad5d167f6fb6a8b.jpg,1920,1080
orange-token,704,728,751,767,img/frame_18340_jpg.rf.be853ed63082bff11ad5d167f6fb6a8b.jpg,1920,1080
orange-token,917,789,959,832,img/frame_18340_jpg.rf.be853ed63082bff11ad5d167f6fb6a8b.jpg,1920,1080
green-token,1208,289,1250,330,img/frame_18340_jpg.rf.be853ed63082bff11ad5d167f6fb6a8b.jpg,1920,1080
green-token,1262,340,1304,379,img/frame_18340_jpg.rf.be853ed63082bff11ad5d167f6fb6a8b.jpg,1920,1080
green-token,1051,331,1095,370,img/frame_18340_jpg.rf.be853ed63082bff11ad5d167f6fb6a8b.jpg,1920,1080
green-token,1095,365,1138,406,img/frame_18340_jpg.rf.be853ed63082bff11ad5d167f6fb6a8b.jpg,1920,1080
green-token,878,329,923,364,img/frame_18340_jpg.rf.be853ed63082bff11ad5d167f6fb6a8b.jpg,1920,1080
green-token,915,347,961,385,img/frame_18340_jpg.rf.be853ed63082bff11ad5d167f6fb6a8b.jpg,1920,1080
green-token,711,509,752,545,img/frame_18340_jpg.rf.be853ed63082bff11ad5d167f6fb6a8b.jpg,1920,1080
green-token,867,495,910,533,img/frame_18340_jpg.rf.be853ed63082bff11ad5d167f6fb6a8b.jpg,1920,1080
green-token,900,539,944,575,img/frame_18340_jpg.rf.be853ed63082bff11ad5d167f6fb6a8b.jpg,1920,1080
green-token,744,660,785,697,img/frame_18340_jpg.rf.be853ed63082bff11ad5d167f6fb6a8b.jpg,1920,1080
green-token,704,675,743,713,img/frame_18340_jpg.rf.be853ed63082bff11ad5d167f6fb6a8b.jpg,1920,1080
green-token,760,701,799,739,img/frame_18340_jpg.rf.be853ed63082bff11ad5d167f6fb6a8b.jpg,1920,1080
green-token,563,690,601,727,img/frame_18340_jpg.rf.be853ed63082bff11ad5d167f6fb6a8b.jpg,1920,1080
green-token,861,689,902,729,img/frame_18340_jpg.rf.be853ed63082bff11ad5d167f6fb6a8b.jpg,1920,1080
green-token,919,652,960,687,img/frame_18340_jpg.rf.be853ed63082bff11ad5d167f6fb6a8b.jpg,1920,1080
green-token,924,693,965,731,img/frame_18340_jpg.rf.be853ed63082bff11ad5d167f6fb6a8b.jpg,1920,1080
green-token,1036,478,1077,517,img/frame_18340_jpg.rf.be853ed63082bff11ad5d167f6fb6a8b.jpg,1920,1080
green-token,1087,474,1129,515,img/frame_18340_jpg.rf.be853ed63082bff11ad5d167f6fb6a8b.jpg,1920,1080
green-token,1060,545,1103,586,img/frame_18340_jpg.rf.be853ed63082bff11ad5d167f6fb6a8b.jpg,1920,1080
green-token,1074,657,1114,698,img/frame_18340_jpg.rf.be853ed63082bff11ad5d167f6fb6a8b.jpg,1920,1080
green-token,1201,644,1243,683,img/frame_18340_jpg.rf.be853ed63082bff11ad5d167f6fb6a8b.jpg,1920,1080
green-token,1198,689,1242,730,img/frame_18340_jpg.rf.be853ed63082bff11ad5d167f6fb6a8b.jpg,1920,1080
green-token,1249,678,1291,716,img/frame_18340_jpg.rf.be853ed63082bff11ad5d167f6fb6a8b.jpg,1920,1080
green-token,1256,498,1296,537,img/frame_18340_jpg.rf.be853ed63082bff11ad5d167f6fb6a8b.jpg,1920,1080
green-token,901,847,941,886,img/frame_18340_jpg.rf.be853ed63082bff11ad5d167f6fb6a8b.jpg,1920,1080
green-token,1059,826,1098,869,img/frame_18340_jpg.rf.be853ed63082bff11ad5d167f6fb6a8b.jpg,1920,1080
red-pawn,733,849,771,885,img/frame_18340_jpg.rf.be853ed63082bff11ad5d167f6fb6a8b.jpg,1920,1080
red-pawn,842,727,881,761,img/frame_18340_jpg.rf.be853ed63082bff11ad5d167f6fb6a8b.jpg,1920,1080
red-pawn,593,627,634,665,img/frame_18340_jpg.rf.be853ed63082bff11ad5d167f6fb6a8b.jpg,1920,1080
red-pawn,556,313,593,348,img/frame_18340_jpg.rf.be853ed63082bff11ad5d167f6fb6a8b.jpg,1920,1080
red-pawn,746,456,785,491,img/frame_18340_jpg.rf.be853ed63082bff11ad5d167f6fb6a8b.jpg,1920,1080
blue-pawn,846,293,888,328,img/frame_18340_jpg.rf.be853ed63082bff11ad5d167f6fb6a8b.jpg,1920,1080
yellow-pawn,557,386,600,423,img/frame_18340_jpg.rf.be853ed63082bff11ad5d167f6fb6a8b.jpg,1920,1080
yellow-pawn,561,848,603,885,img/frame_18340_jpg.rf.be853ed63082bff11ad5d167f6fb6a8b.jpg,1920,1080
yellow-pawn,607,875,645,911,img/frame_18340_jpg.rf.be853ed63082bff11ad5d167f6fb6a8b.jpg,1920,1080
yellow-token,1025,519,1067,556,img/frame_18340_jpg.rf.be853ed63082bff11ad5d167f6fb6a8b.jpg,1920,1080
orange-token,1249,616,1294,656,img/frame_18340_jpg.rf.be853ed63082bff11ad5d167f6fb6a8b.jpg,1920,1080
orange-token,1285,641,1327,684,img/frame_18340_jpg.rf.be853ed63082bff11ad5d167f6fb6a8b.jpg,1920,1080
blue-pawn,681,304,718,338,img/frame_18340_jpg.rf.be853ed63082bff11ad5d167f6fb6a8b.jpg,1920,1080
board,435,60,1413,1042,img/frame_18340_jpg.rf.be853ed63082bff11ad5d167f6fb6a8b.jpg,1920,1080
inner-board,479,259,1333,944,img/frame_18340_jpg.rf.be853ed63082bff11ad5d167f6fb6a8b.jpg,1920,1080
green-token,671,327,714,366,img/frame_0_jpg.rf.923a05fbd694241b766599f6ae97ed7e.jpg,1920,1080
green-token,682,375,723,414,img/frame_0_jpg.rf.923a05fbd694241b766599f6ae97ed7e.jpg,1920,1080
green-token,995,330,1035,371,img/frame_0_jpg.rf.923a05fbd694241b766599f6ae97ed7e.jpg,1920,1080
green-token,1132,321,1174,360,img/frame_0_jpg.rf.923a05fbd694241b766599f6ae97ed7e.jpg,1920,1080
green-token,1120,358,1163,399,img/frame_0_jpg.rf.923a05fbd694241b766599f6ae97ed7e.jpg,1920,1080
green-token,1175,317,1217,358,img/frame_0_jpg.rf.923a05fbd694241b766599f6ae97ed7e.jpg,1920,1080
green-token,1294,301,1336,344,img/frame_0_jpg.rf.923a05fbd694241b766599f6ae97ed7e.jpg,1920,1080
green-token,1305,446,1350,487,img/frame_0_jpg.rf.923a05fbd694241b766599f6ae97ed7e.jpg,1920,1080
green-token,1307,497,1350,537,img/frame_0_jpg.rf.923a05fbd694241b766599f6ae97ed7e.jpg,1920,1080
green-token,1158,450,1199,487,img/frame_0_jpg.rf.923a05fbd694241b766599f6ae97ed7e.jpg,1920,1080
green-token,1022,495,1063,537,img/frame_0_jpg.rf.923a05fbd694241b766599f6ae97ed7e.jpg,1920,1080
green-token,992,530,1033,569,img/frame_0_jpg.rf.923a05fbd694241b766599f6ae97ed7e.jpg,1920,1080
green-token,959,460,999,500,img/frame_0_jpg.rf.923a05fbd694241b766599f6ae97ed7e.jpg,1920,1080
green-token,846,540,885,581,img/frame_0_jpg.rf.923a05fbd694241b766599f6ae97ed7e.jpg,1920,1080
green-token,796,542,836,583,img/frame_0_jpg.rf.923a05fbd694241b766599f6ae97ed7e.jpg,1920,1080
green-token,672,533,713,573,img/frame_0_jpg.rf.923a05fbd694241b766599f6ae97ed7e.jpg,1920,1080
green-token,641,678,681,718,img/frame_0_jpg.rf.923a05fbd694241b766599f6ae97ed7e.jpg,1920,1080
green-token,973,636,1013,677,img/frame_0_jpg.rf.923a05fbd694241b766599f6ae97ed7e.jpg,1920,1080
green-token,1004,679,1045,721,img/frame_0_jpg.rf.923a05fbd694241b766599f6ae97ed7e.jpg,1920,1080
green-token,1153,628,1192,668,img/frame_0_jpg.rf.923a05fbd694241b766599f6ae97ed7e.jpg,1920,1080
green-token,1303,644,1346,682,img/frame_0_jpg.rf.923a05fbd694241b766599f6ae97ed7e.jpg,1920,1080
green-token,1348,673,1389,716,img/frame_0_jpg.rf.923a05fbd694241b766599f6ae97ed7e.jpg,1920,1080
green-token,1275,798,1317,836,img/frame_0_jpg.rf.923a05fbd694241b766599f6ae97ed7e.jpg,1920,1080
green-token,1176,827,1218,870,img/frame_0_jpg.rf.923a05fbd694241b766599f6ae97ed7e.jpg,1920,1080
green-token,986,773,1028,818,img/frame_0_jpg.rf.923a05fbd694241b766599f6ae97ed7e.jpg,1920,1080
green-token,983,838,1024,880,img/frame_0_jpg.rf.923a05fbd694241b766599f6ae97ed7e.jpg,1920,1080
green-token,1025,839,1063,884,img/frame_0_jpg.rf.923a05fbd694241b766599f6ae97ed7e.jpg,1920,1080
green-token,660,804,705,842,img/frame_0_jpg.rf.923a05fbd694241b766599f6ae97ed7e.jpg,1920,1080
green-token,668,861,715,902,img/frame_0_jpg.rf.923a05fbd694241b766599f6ae97ed7e.jpg,1920,1080
green-token,810,847,854,890,img/frame_0_jpg.rf.923a05fbd694241b766599f6ae97ed7e.jpg,1920,1080
board,544,73,1501,1050,img/frame_0_jpg.rf.923a05fbd694241b766599f6ae97ed7e.jpg,1920,1080
inner-board,581,263,1430,949,img/frame_0_jpg.rf.923a05fbd694241b766599f6ae97ed7e.jpg,1920,1080
green-token,769,330,814,368,img/frame_11918_jpg.rf.fd5501aef0cb5daa736615f47afd1e11.jpg,1920,1080
green-token,584,299,627,342,img/frame_11918_jpg.rf.fd5501aef0cb5daa736615f47afd1e11.jpg,1920,1080
green-token,625,316,667,356,img/frame_11918_jpg.rf.fd5501aef0cb5daa736615f47afd1e11.jpg,1920,1080
green-token,604,360,645,400,img/frame_11918_jpg.rf.fd5501aef0cb5daa736615f47afd1e11.jpg,1920,1080
green-token,927,314,971,352,img/frame_11918_jpg.rf.fd5501aef0cb5daa736615f47afd1e11.jpg,1920,1080
green-token,971,331,1008,371,img/frame_11918_jpg.rf.fd5501aef0cb5daa736615f47afd1e11.jpg,1920,1080
green-token,1103,315,1144,353,img/frame_11918_jpg.rf.fd5501aef0cb5daa736615f47afd1e11.jpg,1920,1080
green-token,916,481,958,524,img/frame_11918_jpg.rf.fd5501aef0cb5daa736615f47afd1e11.jpg,1920,1080
green-token,951,521,997,565,img/frame_11918_jpg.rf.fd5501aef0cb5daa736615f47afd1e11.jpg,1920,1080
green-token,1089,435,1131,475,img/frame_11918_jpg.rf.fd5501aef0cb5daa736615f47afd1e11.jpg,1920,1080
green-token,1079,483,1123,522,img/frame_11918_jpg.rf.fd5501aef0cb5daa736615f47afd1e11.jpg,1920,1080
green-token,1114,526,1159,570,img/frame_11918_jpg.rf.fd5501aef0cb5daa736615f47afd1e11.jpg,1920,1080
green-token,1116,639,1159,680,img/frame_11918_jpg.rf.fd5501aef0cb5daa736615f47afd1e11.jpg,1920,1080
green-token,971,640,1014,678,img/frame_11918_jpg.rf.fd5501aef0cb5daa736615f47afd1e11.jpg,1920,1080
green-token,913,676,955,717,img/frame_11918_jpg.rf.fd5501aef0cb5daa736615f47afd1e11.jpg,1920,1080
green-token,797,648,837,684,img/frame_11918_jpg.rf.fd5501aef0cb5daa736615f47afd1e11.jpg,1920,1080
green-token,811,689,853,731,img/frame_11918_jpg.rf.fd5501aef0cb5daa736615f47afd1e11.jpg,1920,1080
green-token,755,665,796,704,img/frame_11918_jpg.rf.fd5501aef0cb5daa736615f47afd1e11.jpg,1920,1080
green-token,649,634,692,674,img/frame_11918_jpg.rf.fd5501aef0cb5daa736615f47afd1e11.jpg,1920,1080
green-token,595,627,640,667,img/frame_11918_jpg.rf.fd5501aef0cb5daa736615f47afd1e11.jpg,1920,1080
green-token,609,672,654,714,img/frame_11918_jpg.rf.fd5501aef0cb5daa736615f47afd1e11.jpg,1920,1080
green-token,1263,628,1308,667,img/frame_11918_jpg.rf.fd5501aef0cb5daa736615f47afd1e11.jpg,1920,1080
green-token,1257,672,1301,714,img/frame_11918_jpg.rf.fd5501aef0cb5daa736615f47afd1e11.jpg,1920,1080
green-token,1306,657,1352,700,img/frame_11918_jpg.rf.fd5501aef0cb5daa736615f47afd1e11.jpg,1920,1080
green-token,1128,813,1172,852,img/frame_11918_jpg.rf.fd5501aef0cb5daa736615f47afd1e11.jpg,1920,1080
green-token,1315,836,1359,875,img/frame_11918_jpg.rf.fd5501aef0cb5daa736615f47afd1e11.jpg,1920,1080
green-token,1277,806,1316,843,img/frame_11918_jpg.rf.fd5501aef0cb5daa736615f47afd1e11.jpg,1920,1080
orange-token,569,341,610,377,img/frame_11918_jpg.rf.fd5501aef0cb5daa736615f47afd1e11.jpg,1920,1080
orange-token,739,354,784,397,img/frame_11918_jpg.rf.fd5501aef0cb5daa736615f47afd1e11.jpg,1920,1080
orange-token,903,355,947,400,img/frame_11918_jpg.rf.fd5501aef0cb5daa736615f47afd1e11.jpg,1920,1080
orange-token,960,464,1006,505,img/frame_11918_jpg.rf.fd5501aef0cb5daa736615f47afd1e11.jpg,1920,1080
orange-token,1142,606,1187,645,img/frame_11918_jpg.rf.fd5501aef0cb5daa736615f47afd1e11.jpg,1920,1080
orange-token,1308,597,1353,640,img/frame_11918_jpg.rf.fd5501aef0cb5daa736615f47afd1e11.jpg,1920,1080
orange-token,1269,321,1314,364,img/frame_11918_jpg.rf.fd5501aef0cb5daa736615f47afd1e11.jpg,1920,1080
orange-token,763,715,805,754,img/frame_11918_jpg.rf.fd5501aef0cb5daa736615f47afd1e11.jpg,1920,1080
orange-token,640,697,682,739,img/frame_11918_jpg.rf.fd5501aef0cb5daa736615f47afd1e11.jpg,1920,1080
yellow-pawn,541,293,585,330,img/frame_11918_jpg.rf.fd5501aef0cb5daa736615f47afd1e11.jpg,1920,1080
yellow-pawn,798,366,840,406,img/frame_11918_jpg.rf.fd5501aef0cb5daa736615f47afd1e11.jpg,1920,1080
yellow-pawn,1070,646,1116,688,img/frame_11918_jpg.rf.fd5501aef0cb5daa736615f47afd1e11.jpg,1920,1080
orange-token,1325,767,1369,809,img/frame_11918_jpg.rf.fd5501aef0cb5daa736615f47afd1e11.jpg,1920,1080
green-token,1250,276,1295,315,img/frame_11918_jpg.rf.fd5501aef0cb5daa736615f47afd1e11.jpg,1920,1080
green-token,1317,319,1357,357,img/frame_11918_jpg.rf.fd5501aef0cb5daa736615f47afd1e11.jpg,1920,1080
red-pawn,624,834,665,874,img/frame_11918_jpg.rf.fd5501aef0cb5daa736615f47afd1e11.jpg,1920,1080
red-pawn,575,658,614,692,img/frame_11918_jpg.rf.fd5501aef0cb5daa736615f47afd1e11.jpg,1920,1080
red-pawn,579,699,617,738,img/frame_11918_jpg.rf.fd5501aef0cb5daa736615f47afd1e11.jpg,1920,1080
red-pawn,547,392,588,430,img/frame_11918_jpg.rf.fd5501aef0cb5daa736615f47afd1e11.jpg,1920,1080
red-pawn,606,529,644,568,img/frame_11918_jpg.rf.fd5501aef0cb5daa736615f47afd1e11.jpg,1920,1080
red-pawn,662,381,696,418,img/frame_11918_jpg.rf.fd5501aef0cb5daa736615f47afd1e11.jpg,1920,1080
red-pawn,727,289,767,323,img/frame_11918_jpg.rf.fd5501aef0cb5daa736615f47afd1e11.jpg,1920,1080
white-pawn,804,834,845,865,img/frame_11918_jpg.rf.fd5501aef0cb5daa736615f47afd1e11.jpg,1920,1080
white-pawn,1247,772,1290,813,img/frame_11918_jpg.rf.fd5501aef0cb5daa736615f47afd1e11.jpg,1920,1080
board,488,28,1473,1028,img/frame_11918_jpg.rf.fd5501aef0cb5daa736615f47afd1e11.jpg,1920,1080
inner-board,531,231,1396,932,img/frame_11918_jpg.rf.fd5501aef0cb5daa736615f47afd1e11.jpg,1920,1080
orange-token,919,291,960,333,img/frame_18498_jpg.rf.d9244580b4da6c2dd937766a3cedaa74.jpg,1920,1080
orange-token,855,373,898,415,img/frame_18498_jpg.rf.d9244580b4da6c2dd937766a3cedaa74.jpg,1920,1080
orange-token,901,476,946,514,img/frame_18498_jpg.rf.d9244580b4da6c2dd937766a3cedaa74.jpg,1920,1080
orange-token,938,513,977,553,img/frame_18498_jpg.rf.d9244580b4da6c2dd937766a3cedaa74.jpg,1920,1080
orange-token,1101,294,1148,331,img/frame_18498_jpg.rf.d9244580b4da6c2dd937766a3cedaa74.jpg,1920,1080
orange-token,1260,278,1310,320,img/frame_18498_jpg.rf.d9244580b4da6c2dd937766a3cedaa74.jpg,1920,1080
orange-token,1217,341,1263,388,img/frame_18498_jpg.rf.d9244580b4da6c2dd937766a3cedaa74.jpg,1920,1080
orange-token,1184,487,1234,535,img/frame_18498_jpg.rf.d9244580b4da6c2dd937766a3cedaa74.jpg,1920,1080
orange-token,1245,611,1292,657,img/frame_18498_jpg.rf.d9244580b4da6c2dd937766a3cedaa74.jpg,1920,1080
orange-token,1287,643,1327,684,img/frame_18498_jpg.rf.d9244580b4da6c2dd937766a3cedaa74.jpg,1920,1080
orange-token,869,625,916,669,img/frame_18498_jpg.rf.d9244580b4da6c2dd937766a3cedaa74.jpg,1920,1080
orange-token,742,532,786,574,img/frame_18498_jpg.rf.d9244580b4da6c2dd937766a3cedaa74.jpg,1920,1080
orange-token,768,619,809,659,img/frame_18498_jpg.rf.d9244580b4da6c2dd937766a3cedaa74.jpg,1920,1080
orange-token,708,724,752,766,img/frame_18498_jpg.rf.d9244580b4da6c2dd937766a3cedaa74.jpg,1920,1080
orange-token,914,788,959,835,img/frame_18498_jpg.rf.d9244580b4da6c2dd937766a3cedaa74.jpg,1920,1080
green-token,879,328,924,369,img/frame_18498_jpg.rf.d9244580b4da6c2dd937766a3cedaa74.jpg,1920,1080
green-token,916,337,961,386,img/frame_18498_jpg.rf.d9244580b4da6c2dd937766a3cedaa74.jpg,1920,1080
green-token,1048,326,1096,373,img/frame_18498_jpg.rf.d9244580b4da6c2dd937766a3cedaa74.jpg,1920,1080
green-token,1093,368,1137,410,img/frame_18498_jpg.rf.d9244580b4da6c2dd937766a3cedaa74.jpg,1920,1080
green-token,1208,292,1247,331,img/frame_18498_jpg.rf.d9244580b4da6c2dd937766a3cedaa74.jpg,1920,1080
green-token,1259,337,1304,380,img/frame_18498_jpg.rf.d9244580b4da6c2dd937766a3cedaa74.jpg,1920,1080
green-token,1254,498,1295,542,img/frame_18498_jpg.rf.d9244580b4da6c2dd937766a3cedaa74.jpg,1920,1080
green-token,1083,473,1128,517,img/frame_18498_jpg.rf.d9244580b4da6c2dd937766a3cedaa74.jpg,1920,1080
green-token,1034,481,1077,519,img/frame_18498_jpg.rf.d9244580b4da6c2dd937766a3cedaa74.jpg,1920,1080
green-token,1060,543,1104,589,img/frame_18498_jpg.rf.d9244580b4da6c2dd937766a3cedaa74.jpg,1920,1080
green-token,866,496,910,537,img/frame_18498_jpg.rf.d9244580b4da6c2dd937766a3cedaa74.jpg,1920,1080
green-token,902,536,942,578,img/frame_18498_jpg.rf.d9244580b4da6c2dd937766a3cedaa74.jpg,1920,1080
green-token,1070,656,1114,699,img/frame_18498_jpg.rf.d9244580b4da6c2dd937766a3cedaa74.jpg,1920,1080
green-token,1202,643,1242,685,img/frame_18498_jpg.rf.d9244580b4da6c2dd937766a3cedaa74.jpg,1920,1080
green-token,1198,689,1241,732,img/frame_18498_jpg.rf.d9244580b4da6c2dd937766a3cedaa74.jpg,1920,1080
green-token,1244,680,1290,719,img/frame_18498_jpg.rf.d9244580b4da6c2dd937766a3cedaa74.jpg,1920,1080
green-token,1053,827,1098,872,img/frame_18498_jpg.rf.d9244580b4da6c2dd937766a3cedaa74.jpg,1920,1080
green-token,897,847,942,888,img/frame_18498_jpg.rf.d9244580b4da6c2dd937766a3cedaa74.jpg,1920,1080
green-token,915,652,959,691,img/frame_18498_jpg.rf.d9244580b4da6c2dd937766a3cedaa74.jpg,1920,1080
green-token,922,694,964,733,img/frame_18498_jpg.rf.d9244580b4da6c2dd937766a3cedaa74.jpg,1920,1080
green-token,859,692,902,730,img/frame_18498_jpg.rf.d9244580b4da6c2dd937766a3cedaa74.jpg,1920,1080
green-token,740,661,785,698,img/frame_18498_jpg.rf.d9244580b4da6c2dd937766a3cedaa74.jpg,1920,1080
green-token,757,702,798,741,img/frame_18498_jpg.rf.d9244580b4da6c2dd937766a3cedaa74.jpg,1920,1080
green-token,698,675,742,717,img/frame_18498_jpg.rf.d9244580b4da6c2dd937766a3cedaa74.jpg,1920,1080
green-token,554,691,601,729,img/frame_18498_jpg.rf.d9244580b4da6c2dd937766a3cedaa74.jpg,1920,1080
green-token,709,511,749,548,img/frame_18498_jpg.rf.d9244580b4da6c2dd937766a3cedaa74.jpg,1920,1080
blue-pawn,843,292,886,329,img/frame_18498_jpg.rf.d9244580b4da6c2dd937766a3cedaa74.jpg,1920,1080
blue-pawn,676,301,719,342,img/frame_18498_jpg.rf.d9244580b4da6c2dd937766a3cedaa74.jpg,1920,1080
red-pawn,553,318,592,351,img/frame_18498_jpg.rf.d9244580b4da6c2dd937766a3cedaa74.jpg,1920,1080
red-pawn,739,458,784,496,img/frame_18498_jpg.rf.d9244580b4da6c2dd937766a3cedaa74.jpg,1920,1080
red-pawn,594,630,633,667,img/frame_18498_jpg.rf.d9244580b4da6c2dd937766a3cedaa74.jpg,1920,1080
red-pawn,837,727,877,767,img/frame_18498_jpg.rf.d9244580b4da6c2dd937766a3cedaa74.jpg,1920,1080
red-pawn,733,852,771,891,img/frame_18498_jpg.rf.d9244580b4da6c2dd937766a3cedaa74.jpg,1920,1080
red-pawn,863,883,904,922,img/frame_18498_jpg.rf.d9244580b4da6c2dd937766a3cedaa74.jpg,1920,1080
yellow-pawn,560,850,601,884,img/frame_18498_jpg.rf.d9244580b4da6c2dd937766a3cedaa74.jpg,1920,1080
yellow-pawn,600,873,645,917,img/frame_18498_jpg.rf.d9244580b4da6c2dd937766a3cedaa74.jpg,1920,1080
yellow-pawn,553,381,598,423,img/frame_18498_jpg.rf.d9244580b4da6c2dd937766a3cedaa74.jpg,1920,1080
yellow-token,1023,520,1064,557,img/frame_18498_jpg.rf.d9244580b4da6c2dd937766a3cedaa74.jpg,1920,1080
board,431,59,1412,1043,img/frame_18498_jpg.rf.d9244580b4da6c2dd937766a3cedaa74.jpg,1920,1080
inner-board,477,259,1330,944,img/frame_18498_jpg.rf.d9244580b4da6c2dd937766a3cedaa74.jpg,1920,1080
